Date,Open,High,Low,Close,Volume
30-12-2016,42120.00,42330.00,41700.00,41830.00,610000.00
29-12-2016,43000.00,43220.00,42540.00,42660.00,448400.00
28-12-2016,43940.00,43970.00,43270.00,43270.00,339900.00
27-12-2016,43140.00,43700.00,43140.00,43620.00,400100.00
26-12-2016,43310.00,43660.00,43090.00,43340.00,358200.00
22-12-2016,43660.00,43840.00,43190.00,43480.00,381600.00
21-12-2016,43900.00,44370.00,43610.00,44000.00,658900.00
20-12-2016,42910.00,43630.00,42860.00,43620.00,499400.00
19-12-2016,42790.00,43150.00,42740.00,43130.00,358700.00
16-12-2016,43350.00,43550.00,42810.00,43130.00,542000.00
15-12-2016,43440.00,43880.00,42550.00,43000.00,627400.00
14-12-2016,43300.00,43440.00,42590.00,43090.00,548800.00
13-12-2016,43130.00,43300.00,42630.00,43210.00,434500.00
12-12-2016,43950.00,44000.00,42880.00,43130.00,775300.00
09-12-2016,41700.00,42970.00,41150.00,42590.00,1975600.00
08-12-2016,41480.00,41560.00,40830.00,41100.00,639900.00
07-12-2016,40500.00,41150.00,40420.00,40870.00,536800.00
06-12-2016,40350.00,40500.00,39860.00,40150.00,618100.00
05-12-2016,40060.00,40350.00,39690.00,39760.00,620500.00
02-12-2016,40300.00,40660.00,39960.00,40660.00,573000.00
01-12-2016,40500.00,41190.00,40320.00,40460.00,850700.00
30-11-2016,40300.00,40340.00,39570.00,39570.00,692200.00
29-11-2016,40420.00,40580.00,40100.00,40200.00,894400.00
28-11-2016,41260.00,41440.00,40830.00,41260.00,384800.00
25-11-2016,41820.00,42020.00,41220.00,41370.00,665500.00
24-11-2016,41300.00,41760.00,41170.00,41730.00,692900.00
22-11-2016,39880.00,40360.00,39660.00,40360.00,500200.00
21-11-2016,40210.00,40270.00,39510.00,39970.00,609600.00
18-11-2016,39980.00,40620.00,39900.00,40190.00,886500.00
17-11-2016,39200.00,39710.00,39050.00,39280.00,573700.00
16-11-2016,39130.00,39750.00,39110.00,39400.00,764300.00
15-11-2016,38600.00,38980.00,38470.00,38570.00,555600.00
14-11-2016,37730.00,38690.00,37680.00,38580.00,784100.00
11-11-2016,37590.00,37940.00,37190.00,37600.00,1329900.00
10-11-2016,36480.00,37110.00,36000.00,36890.00,1309900.00
09-11-2016,36920.00,37220.00,33520.00,33680.00,1570400.00
08-11-2016,36870.00,37050.00,36410.00,36550.00,417500.00
07-11-2016,36020.00,36710.00,36000.00,36640.00,648000.00
04-11-2016,35460.00,35930.00,35360.00,35510.00,499100.00
02-11-2016,35450.00,35940.00,35420.00,35540.00,396700.00
01-11-2016,35440.00,36050.00,35310.00,35890.00,366200.00
31-10-2016,35690.00,36030.00,35450.00,35460.00,344400.00
28-10-2016,36020.00,36450.00,35980.00,35980.00,454200.00
27-10-2016,36250.00,36370.00,35600.00,35770.00,426500.00
26-10-2016,36840.00,36850.00,36380.00,36450.00,353400.00
25-10-2016,36500.00,36940.00,36450.00,36850.00,400800.00
24-10-2016,36650.00,36660.00,36000.00,36300.00,365000.00
21-10-2016,36350.00,36850.00,36180.00,36300.00,579900.00
20-10-2016,34910.00,36330.00,34910.00,36330.00,751800.00
19-10-2016,34900.00,35050.00,34600.00,35020.00,356500.00
18-10-2016,34490.00,34900.00,34210.00,34900.00,477400.00
17-10-2016,34710.00,35030.00,34180.00,34210.00,657500.00
14-10-2016,33200.00,35090.00,33200.00,34800.00,1671000.00
13-10-2016,34000.00,34290.00,33010.00,33150.00,556000.00
12-10-2016,33550.00,34030.00,33380.00,33790.00,464500.00
11-10-2016,33580.00,34040.00,33560.00,33920.00,529400.00
07-10-2016,33600.00,33900.00,33400.00,33500.00,407300.00
06-10-2016,34200.00,34460.00,34030.00,34040.00,454400.00
05-10-2016,34150.00,34200.00,33600.00,33940.00,534400.00
04-10-2016,33300.00,33950.00,33150.00,33490.00,688900.00
03-10-2016,32800.00,32990.00,32580.00,32980.00,421000.00
30-09-2016,32030.00,32490.00,31970.00,32290.00,650400.00
29-09-2016,32620.00,32650.00,32140.00,32480.00,453600.00
28-09-2016,32400.00,32440.00,31800.00,32040.00,558400.00
27-09-2016,32530.00,32650.00,31860.00,32400.00,626100.00
26-09-2016,32780.00,33350.00,32640.00,32710.00,656700.00
23-09-2016,32950.00,33760.00,32810.00,33230.00,692500.00
21-09-2016,32370.00,33190.00,31010.00,33000.00,1536200.00
20-09-2016,33480.00,33530.00,32480.00,32510.00,1042300.00
16-09-2016,33990.00,34400.00,33600.00,34360.00,606600.00
15-09-2016,34740.00,34820.00,33930.00,34110.00,663400.00
14-09-2016,35400.00,35540.00,34950.00,35080.00,466300.00
13-09-2016,35880.00,36140.00,35560.00,35750.00,384100.00
12-09-2016,35930.00,36180.00,35340.00,35470.00,482400.00
09-09-2016,36410.00,36590.00,35970.00,36330.00,1014200.00
08-09-2016,36700.00,36750.00,36020.00,36410.00,475000.00
07-09-2016,36600.00,36900.00,36220.00,36390.00,593600.00
06-09-2016,36990.00,37310.00,36820.00,36860.00,540100.00
05-09-2016,36500.00,37520.00,36480.00,37120.00,780400.00
02-09-2016,35750.00,35900.00,35340.00,35700.00,772200.00
01-09-2016,36400.00,36490.00,35680.00,35940.00,694200.00
31-08-2016,36500.00,36750.00,36310.00,36340.00,443200.00
30-08-2016,36220.00,36500.00,36210.00,36440.00,499700.00
29-08-2016,35910.00,36480.00,35670.00,36450.00,723500.00
26-08-2016,35400.00,35790.00,34780.00,35370.00,1117000.00
25-08-2016,35400.00,35890.00,34660.00,35460.00,1371300.00
24-08-2016,36160.00,36850.00,35470.00,35600.00,897700.00
23-08-2016,36680.00,37050.00,36480.00,36580.00,546500.00
22-08-2016,37270.00,37360.00,36910.00,36980.00,354100.00
19-08-2016,36950.00,37590.00,36840.00,37150.00,587300.00
18-08-2016,36880.00,37620.00,36450.00,36560.00,855000.00
17-08-2016,36740.00,37170.00,36700.00,36970.00,524600.00
16-08-2016,37590.00,37680.00,36500.00,36500.00,961900.00
15-08-2016,38140.00,38230.00,37580.00,37630.00,384700.00
12-08-2016,37530.00,38250.00,37120.00,38080.00,899600.00
10-08-2016,37600.00,37860.00,36930.00,37000.00,825600.00
09-08-2016,37700.00,38250.00,37180.00,37500.00,837900.00
08-08-2016,37800.00,37950.00,37150.00,37880.00,952000.00
05-08-2016,35950.00,36880.00,35670.00,36640.00,1295200.00
04-08-2016,35200.00,35530.00,34210.00,35500.00,1224800.00
03-08-2016,34340.00,35080.00,33900.00,34540.00,1288600.00
02-08-2016,34330.00,34580.00,33610.00,33640.00,640000.00
01-08-2016,33300.00,34900.00,33110.00,34670.00,947300.00
29-07-2016,32230.00,34150.00,32210.00,33430.00,827000.00
28-07-2016,33300.00,33370.00,32850.00,32910.00,385700.00
27-07-2016,32880.00,34240.00,32830.00,33630.00,734500.00
26-07-2016,33040.00,33300.00,32360.00,32530.00,574100.00
25-07-2016,32630.00,33350.00,32560.00,33170.00,473700.00
22-07-2016,33160.00,33240.00,32530.00,32640.00,492500.00
21-07-2016,33420.00,34450.00,33420.00,33720.00,737000.00
20-07-2016,33160.00,33280.00,32750.00,32920.00,662300.00
19-07-2016,34500.00,35000.00,33120.00,33700.00,1391900.00
15-07-2016,31000.00,32660.00,31000.00,32660.00,1675600.00
14-07-2016,27750.00,28010.00,27390.00,27660.00,570100.00
13-07-2016,28500.00,28500.00,27675.00,28145.00,765800.00
12-07-2016,27750.00,27995.00,27510.00,27800.00,909100.00
11-07-2016,26200.00,26995.00,26105.00,26845.00,757700.00
08-07-2016,26020.00,26145.00,25355.00,25445.00,993300.00
07-07-2016,26185.00,26665.00,25910.00,26030.00,603200.00
06-07-2016,26000.00,26070.00,25305.00,25900.00,995800.00
05-07-2016,27205.00,27225.00,26460.00,26540.00,928100.00
04-07-2016,26800.00,27920.00,26760.00,27705.00,555400.00
01-07-2016,27710.00,27845.00,27155.00,27360.00,485300.00
30-06-2016,27905.00,27980.00,27245.00,27300.00,721600.00
29-06-2016,27955.00,27980.00,27480.00,27595.00,790700.00
28-06-2016,27000.00,27730.00,26705.00,27455.00,693000.00
27-06-2016,26795.00,27470.00,26325.00,27385.00,823500.00
24-06-2016,29525.00,29925.00,26120.00,26295.00,1569600.00
23-06-2016,28500.00,29425.00,28375.00,29340.00,684400.00
22-06-2016,28465.00,28550.00,27765.00,28230.00,571500.00
21-06-2016,28230.00,28645.00,27800.00,28595.00,471200.00
20-06-2016,27940.00,28695.00,27940.00,28395.00,736600.00
17-06-2016,27535.00,27900.00,27435.00,27550.00,789100.00
16-06-2016,28390.00,28865.00,27210.00,27260.00,895500.00
15-06-2016,28010.00,28390.00,27750.00,28255.00,733600.00
14-06-2016,29060.00,29190.00,28055.00,28330.00,800300.00
13-06-2016,29380.00,29605.00,29050.00,29055.00,737300.00
10-06-2016,29950.00,30270.00,29630.00,29815.00,1320400.00
09-06-2016,30260.00,30500.00,29855.00,29940.00,505800.00
08-06-2016,30030.00,30450.00,29810.00,30450.00,548200.00
07-06-2016,30050.00,30190.00,29710.00,29995.00,662200.00
06-06-2016,29420.00,30200.00,29335.00,30090.00,704700.00
03-06-2016,29205.00,30450.00,29100.00,30120.00,1410200.00
02-06-2016,28800.00,28800.00,28100.00,28180.00,726800.00
01-06-2016,29510.00,29845.00,28880.00,28965.00,583400.00
31-05-2016,29195.00,29995.00,29155.00,29885.00,532200.00
30-05-2016,29195.00,29485.00,28905.00,29385.00,476000.00
27-05-2016,29700.00,29725.00,28970.00,29000.00,461300.00
26-05-2016,29240.00,29745.00,29135.00,29400.00,685900.00
25-05-2016,28165.00,28830.00,28090.00,28740.00,762100.00
24-05-2016,27995.00,28035.00,27515.00,27665.00,605500.00
23-05-2016,28520.00,28610.00,27615.00,27965.00,593200.00
20-05-2016,28375.00,28870.00,27930.00,28775.00,487300.00
19-05-2016,28800.00,29065.00,28255.00,28475.00,466800.00
18-05-2016,28510.00,28860.00,28135.00,28585.00,799200.00
17-05-2016,28750.00,28945.00,28235.00,28660.00,650500.00
16-05-2016,28655.00,28950.00,28050.00,28150.00,594700.00
13-05-2016,29380.00,29380.00,28490.00,28500.00,874500.00
12-05-2016,28610.00,29115.00,28205.00,29020.00,452600.00
11-05-2016,29395.00,29520.00,28650.00,28750.00,531800.00
10-05-2016,29065.00,29095.00,28160.00,28895.00,755400.00
09-05-2016,28195.00,28670.00,28050.00,28610.00,535900.00
06-05-2016,28140.00,28330.00,27355.00,28020.00,923300.00
02-05-2016,27685.00,28260.00,27560.00,27945.00,1017200.00
28-04-2016,31490.00,32040.00,29160.00,29185.00,1499200.00
27-04-2016,30550.00,31290.00,30530.00,30980.00,1306500.00
26-04-2016,30880.00,31250.00,30150.00,30540.00,887400.00
25-04-2016,32110.00,32490.00,31050.00,31140.00,936700.00
22-04-2016,30610.00,32220.00,30610.00,31950.00,1255200.00
21-04-2016,30500.00,31280.00,30310.00,30890.00,1271300.00
20-04-2016,30310.00,30420.00,29180.00,29425.00,1070000.00
19-04-2016,28985.00,30020.00,28950.00,29870.00,1059500.00
18-04-2016,28640.00,28825.00,28030.00,28075.00,964900.00
15-04-2016,29000.00,30250.00,28850.00,29615.00,1047300.00
14-04-2016,29275.00,29935.00,29140.00,29800.00,1174300.00
13-04-2016,27500.00,28825.00,27140.00,28695.00,1606000.00
12-04-2016,26590.00,27025.00,26320.00,26915.00,833600.00
11-04-2016,26620.00,27090.00,26375.00,26815.00,1159400.00
08-04-2016,27500.00,27785.00,26395.00,26610.00,2352200.00
07-04-2016,31880.00,31880.00,30370.00,30490.00,777300.00
06-04-2016,31860.00,32250.00,31550.00,31640.00,631900.00
05-04-2016,32970.00,32990.00,31890.00,32020.00,850800.00
04-04-2016,33770.00,34080.00,33300.00,33410.00,654300.00
01-04-2016,35800.00,35940.00,33860.00,34070.00,803200.00
31-03-2016,36850.00,36950.00,36020.00,36020.00,648000.00
30-03-2016,37040.00,37050.00,36470.00,36500.00,417200.00
29-03-2016,35940.00,36780.00,35390.00,36780.00,635000.00
28-03-2016,36690.00,36760.00,36070.00,36150.00,391200.00
25-03-2016,36480.00,36720.00,36270.00,36410.00,405700.00
24-03-2016,36690.00,36900.00,36210.00,36240.00,620800.00
23-03-2016,36000.00,36860.00,35900.00,36760.00,765600.00
22-03-2016,35760.00,35900.00,35100.00,35660.00,455200.00
18-03-2016,35810.00,35960.00,34840.00,35120.00,639500.00
17-03-2016,36280.00,36810.00,35630.00,35850.00,572700.00
16-03-2016,36000.00,36260.00,35660.00,35910.00,437900.00
15-03-2016,36680.00,36950.00,36180.00,36270.00,747000.00
14-03-2016,35400.00,36390.00,35400.00,36390.00,824300.00
11-03-2016,33400.00,34850.00,33350.00,34590.00,1626200.00
10-03-2016,34200.00,34230.00,33840.00,34030.00,444900.00
09-03-2016,33900.00,34150.00,33610.00,33690.00,652900.00
08-03-2016,34690.00,34710.00,33940.00,34420.00,809900.00
07-03-2016,34810.00,34810.00,34400.00,34490.00,645500.00
04-03-2016,34630.00,34700.00,34210.00,34410.00,537400.00
03-03-2016,33330.00,34660.00,33080.00,34530.00,1056000.00
02-03-2016,32000.00,33530.00,31970.00,33330.00,1110600.00
01-03-2016,31390.00,31620.00,30910.00,31310.00,757700.00
29-02-2016,31520.00,31990.00,31280.00,31340.00,658800.00
26-02-2016,31770.00,32420.00,31540.00,31540.00,702100.00
25-02-2016,31190.00,31420.00,30760.00,31230.00,619000.00
24-02-2016,31700.00,31800.00,31170.00,31320.00,580000.00
23-02-2016,32000.00,32560.00,31630.00,31960.00,577700.00
22-02-2016,31130.00,32240.00,31130.00,31760.00,693500.00
19-02-2016,31610.00,31780.00,31040.00,31500.00,751100.00
18-02-2016,32500.00,32520.00,31340.00,31960.00,1016000.00
17-02-2016,32690.00,32820.00,30720.00,31240.00,1105600.00
16-02-2016,32710.00,33530.00,32210.00,32810.00,980300.00
15-02-2016,33130.00,33490.00,32520.00,33220.00,1016700.00
12-02-2016,31870.00,32770.00,31060.00,32390.00,2255200.00
10-02-2016,33100.00,33300.00,31820.00,32520.00,1002100.00
09-02-2016,33590.00,34050.00,32710.00,32870.00,1000500.00
08-02-2016,34030.00,35330.00,33710.00,35070.00,835400.00
05-02-2016,34750.00,35070.00,34080.00,34590.00,957900.00
04-02-2016,36500.00,36660.00,35270.00,35400.00,1106300.00
03-02-2016,37470.00,37880.00,36250.00,36620.00,1060500.00
02-02-2016,37370.00,37570.00,37030.00,37240.00,600100.00
01-02-2016,38610.00,38710.00,37320.00,37670.00,884000.00
29-01-2016,37320.00,39890.00,36660.00,38430.00,1626100.00
28-01-2016,37090.00,37730.00,36930.00,37120.00,767900.00
27-01-2016,37290.00,38270.00,37170.00,37610.00,771700.00
26-01-2016,37000.00,37120.00,36750.00,36990.00,814700.00
25-01-2016,37650.00,38190.00,36790.00,37870.00,974800.00
22-01-2016,35700.00,37710.00,35620.00,37420.00,1418900.00
21-01-2016,35810.00,36060.00,34540.00,34610.00,1321500.00
20-01-2016,37470.00,37480.00,35380.00,35650.00,1254300.00
19-01-2016,36610.00,37320.00,36410.00,37220.00,739800.00
18-01-2016,36370.00,36980.00,35730.00,36730.00,795800.00
15-01-2016,38120.00,38490.00,36810.00,37000.00,786100.00
14-01-2016,37290.00,37800.00,36850.00,37640.00,863300.00
13-01-2016,37840.00,38720.00,37740.00,38690.00,805500.00
12-01-2016,37210.00,38050.00,37130.00,37630.00,1074300.00
08-01-2016,36700.00,38580.00,36180.00,38140.00,2502700.00
07-01-2016,40000.00,40500.00,39010.00,39050.00,795900.00
06-01-2016,40320.00,41070.00,39850.00,40170.00,808800.00
05-01-2016,40360.00,41230.00,40110.00,40430.00,817500.00
04-01-2016,42000.00,42200.00,40450.00,40650.00,857100.00
30-12-2015,42300.00,42700.00,41950.00,42640.00,388000.00
29-12-2015,42240.00,42780.00,41860.00,42160.00,500600.00
28-12-2015,43240.00,43350.00,42300.00,42590.00,331200.00
25-12-2015,43000.00,43540.00,42850.00,43140.00,348500.00
24-12-2015,43920.00,43920.00,43030.00,43050.00,459000.00
22-12-2015,43940.00,44000.00,43120.00,43230.00,396800.00
21-12-2015,43650.00,44240.00,42860.00,43750.00,683300.00
18-12-2015,45300.00,47120.00,44030.00,44070.00,1312600.00
17-12-2015,45490.00,45790.00,44890.00,45180.00,929900.00
16-12-2015,44660.00,44960.00,44010.00,44520.00,651600.00
15-12-2015,44800.00,45050.00,43880.00,43980.00,499900.00
14-12-2015,44540.00,44790.00,44310.00,44520.00,624100.00
11-12-2015,45190.00,46270.00,45190.00,45940.00,1498900.00
10-12-2015,45650.00,45850.00,45300.00,45440.00,562700.00
09-12-2015,47110.00,47300.00,46290.00,46610.00,447700.00
08-12-2015,47240.00,47960.00,47030.00,47160.00,386200.00
07-12-2015,47470.00,47860.00,47340.00,47520.00,394400.00
04-12-2015,47110.00,47660.00,46560.00,46720.00,700800.00
03-12-2015,48110.00,48310.00,47170.00,48210.00,916600.00
02-12-2015,49600.00,49640.00,48910.00,48980.00,514800.00
01-12-2015,49880.00,50080.00,49400.00,49890.00,616300.00
30-11-2015,49610.00,49980.00,49430.00,49780.00,487300.00
27-11-2015,49390.00,49840.00,49250.00,49640.00,489800.00
26-11-2015,48720.00,49480.00,48710.00,49330.00,498000.00
25-11-2015,48240.00,48500.00,47810.00,48480.00,404900.00
24-11-2015,48150.00,48320.00,47980.00,48230.00,317200.00
20-11-2015,48400.00,48500.00,47890.00,48210.00,420200.00
19-11-2015,48210.00,48870.00,47730.00,48350.00,713500.00
18-11-2015,48000.00,48400.00,47450.00,47480.00,585200.00
17-11-2015,47330.00,47650.00,46950.00,47400.00,645100.00
16-11-2015,46460.00,46770.00,46300.00,46440.00,474700.00
13-11-2015,47700.00,47820.00,46900.00,47490.00,726600.00
12-11-2015,47350.00,47890.00,47290.00,47880.00,376100.00
11-11-2015,47560.00,48200.00,47300.00,47420.00,542700.00
10-11-2015,46550.00,47650.00,46420.00,47600.00,574400.00
09-11-2015,46390.00,46880.00,46250.00,46720.00,737700.00
06-11-2015,44920.00,45430.00,44720.00,45400.00,499900.00
05-11-2015,44600.00,44920.00,44160.00,44770.00,482000.00
04-11-2015,43920.00,44870.00,43690.00,44350.00,688800.00
02-11-2015,43760.00,44470.00,43150.00,43220.00,442500.00
30-10-2015,43400.00,44560.00,42930.00,44380.00,734900.00
29-10-2015,44470.00,44480.00,42960.00,43420.00,524600.00
28-10-2015,44060.00,44190.00,43800.00,44130.00,357800.00
27-10-2015,44150.00,44280.00,43650.00,43780.00,524300.00
26-10-2015,44480.00,44500.00,43910.00,44000.00,451100.00
23-10-2015,43920.00,44290.00,43730.00,43870.00,880200.00
22-10-2015,43200.00,43700.00,43010.00,43220.00,468300.00
21-10-2015,43050.00,44080.00,42990.00,43810.00,615500.00
20-10-2015,43310.00,43520.00,42980.00,43200.00,312800.00
19-10-2015,43060.00,43580.00,42940.00,43130.00,585400.00
16-10-2015,43330.00,43680.00,43080.00,43400.00,570300.00
15-10-2015,42300.00,43290.00,41830.00,42870.00,748300.00
14-10-2015,42000.00,43530.00,41650.00,42730.00,1391000.00
13-10-2015,43600.00,43600.00,41970.00,42260.00,1425600.00
09-10-2015,44440.00,44910.00,43710.00,43900.00,2522700.00
08-10-2015,49380.00,49480.00,48350.00,48640.00,552800.00
07-10-2015,49750.00,50190.00,48910.00,49800.00,667900.00
06-10-2015,50390.00,50700.00,49580.00,50590.00,606400.00
05-10-2015,49260.00,49940.00,49110.00,49730.00,515100.00
02-10-2015,49120.00,49830.00,48600.00,48730.00,425900.00
01-10-2015,48370.00,49940.00,48030.00,49300.00,808500.00
30-09-2015,47700.00,48660.00,47280.00,48490.00,814000.00
29-09-2015,47140.00,47370.00,46690.00,47150.00,960200.00
28-09-2015,46850.00,47560.00,46400.00,47490.00,644100.00
25-09-2015,45410.00,46800.00,45410.00,46800.00,769700.00
24-09-2015,45000.00,46260.00,44660.00,45300.00,536700.00
18-09-2015,46710.00,47245.00,46160.00,46160.00,570000.00
17-09-2015,47075.00,47460.00,46665.00,47405.00,493800.00
16-09-2015,47550.00,47885.00,45895.00,46375.00,660100.00
15-09-2015,46700.00,47900.00,46655.00,47150.00,707200.00
14-09-2015,48060.00,48250.00,46020.00,46365.00,672500.00
11-09-2015,46160.00,47860.00,46060.00,47620.00,2153600.00
10-09-2015,47625.00,47995.00,45960.00,46925.00,1201700.00
09-09-2015,46950.00,49725.00,46260.00,49725.00,1322600.00
08-09-2015,47155.00,47270.00,45125.00,45170.00,608900.00
07-09-2015,46110.00,47595.00,45270.00,46665.00,696300.00
04-09-2015,48150.00,48345.00,46120.00,46465.00,667100.00
03-09-2015,49515.00,49550.00,47510.00,47795.00,699500.00
02-09-2015,46845.00,49595.00,46680.00,48400.00,946400.00
01-09-2015,48990.00,49145.00,47480.00,47480.00,725400.00
31-08-2015,50430.00,50640.00,48890.00,49265.00,700000.00
28-08-2015,50880.00,51090.00,50070.00,50830.00,645900.00
27-08-2015,51000.00,51380.00,49620.00,50290.00,749100.00
26-08-2015,47275.00,50710.00,46210.00,50620.00,1478500.00
25-08-2015,49900.00,51450.00,47660.00,47975.00,1550200.00
24-08-2015,51440.00,52890.00,50120.00,50900.00,1074700.00
21-08-2015,53130.00,53680.00,52140.00,52170.00,675800.00
20-08-2015,53920.00,54650.00,53250.00,54040.00,465800.00
19-08-2015,54130.00,54740.00,53740.00,53860.00,485500.00
18-08-2015,55500.00,55940.00,54400.00,54510.00,420900.00
17-08-2015,55390.00,55620.00,55110.00,55500.00,254500.00
14-08-2015,55090.00,55450.00,54470.00,54990.00,612900.00
13-08-2015,54880.00,55720.00,54320.00,55510.00,738900.00
12-08-2015,55000.00,55670.00,54000.00,54000.00,853500.00
11-08-2015,56540.00,56760.00,55020.00,55550.00,712200.00
10-08-2015,56050.00,57320.00,55910.00,56540.00,563000.00
07-08-2015,56430.00,57080.00,56200.00,56700.00,643700.00
06-08-2015,58880.00,58900.00,56920.00,57220.00,854100.00
05-08-2015,59580.00,59960.00,58440.00,58480.00,910800.00
04-08-2015,60450.00,61830.00,60360.00,61380.00,502800.00
03-08-2015,60820.00,61280.00,60440.00,60740.00,363300.00
31-07-2015,61550.00,61650.00,60670.00,61370.00,498200.00
30-07-2015,60800.00,61970.00,60740.00,61930.00,737700.00
29-07-2015,59880.00,60460.00,59480.00,60230.00,559600.00
28-07-2015,58050.00,59460.00,57820.00,59370.00,565800.00
27-07-2015,57840.00,58610.00,57520.00,58270.00,376900.00
24-07-2015,58900.00,59080.00,58210.00,58250.00,394400.00
23-07-2015,58800.00,60000.00,58700.00,59280.00,486000.00
22-07-2015,58510.00,59180.00,58500.00,58790.00,440000.00
21-07-2015,57800.00,59280.00,57580.00,59270.00,524100.00
17-07-2015,56840.00,57440.00,56760.00,57220.00,429000.00
16-07-2015,56100.00,56850.00,55900.00,56600.00,613000.00
15-07-2015,55840.00,56070.00,55240.00,55670.00,445300.00
14-07-2015,55010.00,55950.00,54780.00,55530.00,655900.00
13-07-2015,54000.00,54690.00,53650.00,54530.00,671300.00
10-07-2015,56000.00,56020.00,53740.00,54010.00,1901200.00
09-07-2015,55200.00,57460.00,54760.00,57460.00,1136200.00
08-07-2015,56250.00,56540.00,54810.00,55180.00,906400.00
07-07-2015,55920.00,56250.00,55640.00,56250.00,505900.00
06-07-2015,54570.00,55640.00,54320.00,54810.00,876900.00
03-07-2015,56130.00,56280.00,54880.00,55740.00,989600.00
02-07-2015,57780.00,58400.00,57200.00,57870.00,657100.00
01-07-2015,55850.00,56660.00,55700.00,56610.00,439300.00
30-06-2015,54900.00,55560.00,54530.00,55560.00,489700.00
29-06-2015,55500.00,56180.00,54550.00,54560.00,765900.00
26-06-2015,56490.00,56870.00,56130.00,56240.00,413600.00
25-06-2015,55390.00,57000.00,55360.00,55970.00,556400.00
24-06-2015,55300.00,55900.00,54900.00,55590.00,552500.00
23-06-2015,53960.00,55080.00,53780.00,55080.00,675700.00
22-06-2015,52380.00,53960.00,52350.00,53910.00,598500.00
19-06-2015,52340.00,52570.00,52140.00,52170.00,459700.00
18-06-2015,52590.00,52590.00,52080.00,52200.00,398500.00
17-06-2015,52550.00,52720.00,52050.00,52560.00,374400.00
16-06-2015,52660.00,53100.00,52340.00,52550.00,359800.00
15-06-2015,52320.00,52770.00,52290.00,52740.00,361900.00
12-06-2015,53400.00,53400.00,52440.00,52770.00,1304500.00
11-06-2015,51390.00,52980.00,51370.00,52980.00,726900.00
10-06-2015,50970.00,51440.00,50580.00,51000.00,493800.00
09-06-2015,51390.00,51580.00,50660.00,50660.00,517400.00
08-06-2015,51330.00,51750.00,51250.00,51720.00,453900.00
05-06-2015,50690.00,51060.00,50520.00,50960.00,356400.00
04-06-2015,51270.00,51430.00,50640.00,50740.00,432400.00
03-06-2015,51250.00,51270.00,50830.00,51030.00,476000.00
02-06-2015,51440.00,51500.00,51030.00,51320.00,356000.00
01-06-2015,51120.00,51440.00,50970.00,51250.00,351700.00
29-05-2015,50700.00,51640.00,50550.00,51300.00,588000.00
28-05-2015,51270.00,51490.00,50630.00,50970.00,524300.00
27-05-2015,50510.00,50980.00,50460.00,50930.00,424300.00
26-05-2015,50750.00,50950.00,50520.00,50880.00,474200.00
25-05-2015,50150.00,50810.00,50150.00,50670.00,359400.00
22-05-2015,50010.00,50400.00,49635.00,50300.00,395300.00
21-05-2015,50110.00,50460.00,49995.00,50100.00,317500.00
20-05-2015,50280.00,50630.00,50050.00,50200.00,509100.00
19-05-2015,49490.00,50230.00,49250.00,50010.00,728500.00
18-05-2015,48505.00,49130.00,48280.00,49035.00,297700.00
15-05-2015,48680.00,48940.00,48410.00,48565.00,429300.00
14-05-2015,49055.00,49150.00,48220.00,48275.00,666700.00
13-05-2015,48545.00,49545.00,48130.00,49515.00,638200.00
12-05-2015,48250.00,48620.00,47930.00,48335.00,556400.00
11-05-2015,47820.00,48450.00,47660.00,48450.00,498500.00
08-05-2015,47100.00,47790.00,47030.00,47120.00,822600.00
07-05-2015,47295.00,47500.00,47015.00,47105.00,608200.00
01-05-2015,47205.00,47830.00,47075.00,47590.00,554700.00
30-04-2015,48480.00,48480.00,47295.00,47295.00,832300.00
28-04-2015,48600.00,49145.00,48410.00,48930.00,567700.00
27-04-2015,48700.00,48710.00,48050.00,48050.00,481100.00
24-04-2015,49225.00,49435.00,48675.00,48705.00,422900.00
23-04-2015,49450.00,49600.00,48965.00,49395.00,545500.00
22-04-2015,48830.00,49340.00,48635.00,49245.00,549500.00
21-04-2015,48270.00,48500.00,47730.00,48385.00,481500.00
20-04-2015,47600.00,48310.00,47400.00,48075.00,504800.00
17-04-2015,48500.00,48595.00,47750.00,47760.00,534500.00
16-04-2015,49220.00,49270.00,48520.00,48600.00,466000.00
15-04-2015,49735.00,49860.00,49030.00,49185.00,460700.00
14-04-2015,49835.00,50080.00,49705.00,49805.00,377400.00
13-04-2015,50200.00,50350.00,49750.00,50150.00,468900.00
10-04-2015,49500.00,50650.00,49410.00,49700.00,1730300.00
09-04-2015,47715.00,48560.00,47685.00,48500.00,630800.00
08-04-2015,47380.00,47580.00,47095.00,47580.00,483600.00
07-04-2015,47410.00,47540.00,47020.00,47540.00,537700.00
06-04-2015,47395.00,47620.00,47235.00,47300.00,465200.00
03-04-2015,47280.00,47765.00,47200.00,47610.00,511000.00
02-04-2015,46865.00,47280.00,46505.00,47115.00,666400.00
01-04-2015,47180.00,47200.00,46410.00,46770.00,883600.00
31-03-2015,47500.00,47585.00,46495.00,46495.00,860000.00
30-03-2015,46455.00,47880.00,46430.00,47455.00,730600.00
27-03-2015,46610.00,47280.00,45720.00,46225.00,653300.00
26-03-2015,46800.00,47055.00,46210.00,46330.00,508200.00
25-03-2015,47125.00,47255.00,46525.00,46925.00,432400.00
24-03-2015,47145.00,47480.00,46865.00,46950.00,457000.00
23-03-2015,46900.00,47275.00,46620.00,47145.00,477000.00
20-03-2015,45670.00,46815.00,45670.00,46815.00,616800.00
19-03-2015,45585.00,45930.00,45410.00,45475.00,601700.00
18-03-2015,46295.00,46325.00,45760.00,46140.00,468200.00
17-03-2015,46810.00,46845.00,46175.00,46200.00,423600.00
16-03-2015,46190.00,46760.00,46160.00,46265.00,498500.00
13-03-2015,46165.00,46520.00,45910.00,46275.00,1911400.00
12-03-2015,45125.00,45680.00,44840.00,45515.00,582600.00
11-03-2015,44190.00,45395.00,44105.00,44920.00,603900.00
10-03-2015,45640.00,45720.00,44255.00,44420.00,685800.00
09-03-2015,45680.00,45885.00,45325.00,45340.00,511600.00
06-03-2015,46180.00,46720.00,46015.00,46115.00,525300.00
05-03-2015,46010.00,46285.00,45690.00,45690.00,345900.00
04-03-2015,45910.00,46415.00,45770.00,46165.00,363900.00
03-03-2015,47000.00,47035.00,46000.00,46040.00,477800.00
02-03-2015,46525.00,47065.00,46300.00,46850.00,495900.00
27-02-2015,46150.00,46665.00,46000.00,46330.00,558800.00
26-02-2015,45030.00,46050.00,44940.00,45990.00,582500.00
25-02-2015,45000.00,45195.00,44725.00,44905.00,504200.00
24-02-2015,44500.00,45300.00,44440.00,45300.00,728600.00
23-02-2015,43545.00,44455.00,43270.00,44355.00,800900.00
20-02-2015,43220.00,43345.00,42810.00,42910.00,444700.00
19-02-2015,43780.00,43970.00,43035.00,43065.00,563200.00
18-02-2015,43505.00,43740.00,43325.00,43705.00,520800.00
17-02-2015,43850.00,44040.00,43400.00,43505.00,333700.00
16-02-2015,44115.00,44295.00,44000.00,44065.00,296700.00
13-02-2015,43940.00,44250.00,43850.00,44005.00,682000.00
12-02-2015,44250.00,44340.00,43870.00,44305.00,505100.00
10-02-2015,43615.00,43690.00,43235.00,43435.00,456700.00
09-02-2015,44435.00,44445.00,43900.00,43935.00,362200.00
06-02-2015,44175.00,44270.00,43815.00,44005.00,354300.00
05-02-2015,43560.00,43920.00,43425.00,43475.00,477400.00
04-02-2015,43100.00,43890.00,42930.00,43850.00,636800.00
03-02-2015,43245.00,43350.00,42055.00,42185.00,517600.00
02-02-2015,43400.00,43740.00,43005.00,43055.00,430700.00
30-01-2015,44300.00,44400.00,43720.00,44020.00,577500.00
29-01-2015,43165.00,44220.00,43100.00,43675.00,648300.00
28-01-2015,42845.00,43865.00,42720.00,43600.00,582300.00
27-01-2015,42870.00,43380.00,42670.00,43160.00,471200.00
26-01-2015,41945.00,42580.00,41900.00,42340.00,384200.00
23-01-2015,42970.00,43095.00,42485.00,42645.00,356600.00
22-01-2015,42500.00,42530.00,41800.00,42270.00,529300.00
21-01-2015,42800.00,43090.00,42260.00,42385.00,566300.00
20-01-2015,41550.00,42700.00,41455.00,42700.00,509400.00
19-01-2015,41850.00,41900.00,41210.00,41530.00,577600.00
16-01-2015,41700.00,41995.00,40610.00,41370.00,1251300.00
15-01-2015,42270.00,42945.00,41970.00,42945.00,757100.00
14-01-2015,43080.00,43310.00,41860.00,41940.00,998300.00
13-01-2015,44060.00,44295.00,43250.00,43575.00,938300.00
09-01-2015,45800.00,46325.00,44350.00,44760.00,1602100.00
08-01-2015,43650.00,44550.00,43400.00,44405.00,611300.00
07-01-2015,43005.00,43510.00,43005.00,43425.00,727000.00
06-01-2015,43365.00,43745.00,43110.00,43255.00,844600.00
05-01-2015,43580.00,44420.00,43295.00,44065.00,545000.00
30-12-2014,44800.00,44975.00,44040.00,44040.00,584000.00
29-12-2014,45730.00,45865.00,44205.00,44885.00,621900.00
26-12-2014,45650.00,45700.00,45270.00,45330.00,348000.00
25-12-2014,45535.00,45700.00,45425.00,45615.00,375700.00
24-12-2014,45155.00,45880.00,44840.00,45830.00,737100.00
22-12-2014,44830.00,44900.00,44440.00,44525.00,418400.00
19-12-2014,44330.00,44730.00,44050.00,44730.00,937500.00
18-12-2014,42640.00,43715.00,42525.00,43715.00,945700.00
17-12-2014,41700.00,42080.00,41525.00,42070.00,898300.00
16-12-2014,41450.00,41990.00,41335.00,41830.00,975700.00
15-12-2014,41525.00,42765.00,41525.00,42295.00,750900.00
12-12-2014,42015.00,42965.00,42015.00,42800.00,1924700.00
11-12-2014,41705.00,41995.00,41010.00,41910.00,562600.00
10-12-2014,42905.00,43200.00,42150.00,42405.00,604200.00
09-12-2014,42825.00,43620.00,42805.00,43415.00,499700.00
08-12-2014,43245.00,43535.00,42930.00,43150.00,464800.00
05-12-2014,43250.00,43520.00,43120.00,43240.00,520200.00
04-12-2014,44165.00,44185.00,43500.00,43925.00,418800.00
03-12-2014,43300.00,44385.00,43300.00,43795.00,747800.00
02-12-2014,43000.00,43410.00,42950.00,43255.00,416300.00
01-12-2014,42715.00,43540.00,42715.00,43425.00,352600.00
28-11-2014,42850.00,43330.00,42730.00,43205.00,423200.00
27-11-2014,42260.00,42850.00,42260.00,42625.00,438700.00
26-11-2014,42240.00,42700.00,41940.00,42540.00,593500.00
25-11-2014,43175.00,43370.00,42480.00,42570.00,392300.00
21-11-2014,42480.00,43170.00,42110.00,43100.00,661900.00
20-11-2014,43470.00,43495.00,42690.00,42845.00,472700.00
19-11-2014,43500.00,43895.00,43000.00,43030.00,686000.00
18-11-2014,43025.00,43590.00,42855.00,43535.00,612500.00
17-11-2014,43800.00,43910.00,42215.00,42615.00,1059700.00
14-11-2014,44665.00,44730.00,43760.00,44205.00,1788500.00
13-11-2014,43605.00,44370.00,43110.00,44285.00,761400.00
12-11-2014,43670.00,44350.00,43330.00,43480.00,1297700.00
11-11-2014,41615.00,43355.00,41580.00,43115.00,963600.00
10-11-2014,41800.00,41900.00,41240.00,41430.00,530600.00
07-11-2014,42935.00,42935.00,42100.00,42325.00,721700.00
06-11-2014,42750.00,43335.00,41800.00,42235.00,1031000.00
05-11-2014,41190.00,42920.00,41100.00,42450.00,1159300.00
04-11-2014,42465.00,42485.00,41500.00,41500.00,1647900.00
31-10-2014,38055.00,40900.00,38015.00,40365.00,1881900.00
30-10-2014,37145.00,37715.00,37040.00,37680.00,603000.00
29-10-2014,36465.00,37080.00,36280.00,36940.00,663400.00
28-10-2014,36700.00,36875.00,36120.00,36135.00,517600.00
27-10-2014,37085.00,37195.00,36810.00,36905.00,412400.00
24-10-2014,37000.00,37050.00,36585.00,36745.00,602400.00
23-10-2014,36500.00,37085.00,36460.00,36590.00,495600.00
22-10-2014,37085.00,37160.00,36285.00,36840.00,890300.00
21-10-2014,37520.00,37790.00,36625.00,36790.00,867000.00
20-10-2014,37445.00,37940.00,37205.00,37905.00,877200.00
17-10-2014,37635.00,37635.00,36570.00,36745.00,731000.00
16-10-2014,36575.00,37145.00,36555.00,37020.00,990300.00
15-10-2014,37600.00,37680.00,36960.00,37640.00,841300.00
14-10-2014,37500.00,37740.00,36920.00,36930.00,1214800.00
10-10-2014,38000.00,38455.00,37000.00,37890.00,1687300.00
09-10-2014,36875.00,37845.00,36860.00,37255.00,966300.00
08-10-2014,36385.00,36950.00,36365.00,36705.00,532600.00
07-10-2014,37355.00,37490.00,36855.00,36965.00,590500.00
06-10-2014,37520.00,37990.00,37260.00,37840.00,670400.00
03-10-2014,37810.00,37880.00,36635.00,37370.00,1013900.00
02-10-2014,36500.00,36975.00,36260.00,36370.00,766600.00
01-10-2014,36615.00,37210.00,36525.00,36780.00,423800.00
30-09-2014,36575.00,36940.00,36520.00,36705.00,417500.00
29-09-2014,36795.00,37050.00,36705.00,36810.00,368900.00
26-09-2014,36165.00,36910.00,36160.00,36655.00,603600.00
25-09-2014,37000.00,37170.00,36760.00,36865.00,521000.00
24-09-2014,35800.00,36510.00,35755.00,36405.00,507900.00
22-09-2014,35880.00,36270.00,35870.00,35970.00,447600.00
19-09-2014,35705.00,36395.00,35655.00,36250.00,1133500.00
18-09-2014,34640.00,35065.00,34450.00,35005.00,734900.00
17-09-2014,34150.00,34385.00,34075.00,34365.00,531700.00
16-09-2014,33505.00,33950.00,33505.00,33795.00,464900.00
12-09-2014,34065.00,34345.00,33900.00,34125.00,1866600.00
11-09-2014,33695.00,34185.00,33640.00,34135.00,485600.00
10-09-2014,33665.00,33725.00,33415.00,33675.00,359700.00
09-09-2014,33960.00,34070.00,33735.00,33900.00,354600.00
08-09-2014,34345.00,34360.00,33845.00,33960.00,339400.00
05-09-2014,34375.00,34400.00,34025.00,34035.00,381500.00
04-09-2014,33635.00,34000.00,33550.00,33970.00,387600.00
03-09-2014,33910.00,34250.00,33730.00,33735.00,734700.00
02-09-2014,32690.00,33360.00,32615.00,33165.00,482400.00
01-09-2014,32685.00,32700.00,32460.00,32540.00,139100.00
29-08-2014,32470.00,32550.00,32220.00,32550.00,412000.00
28-08-2014,32905.00,32935.00,32495.00,32665.00,357000.00
27-08-2014,33250.00,33250.00,32970.00,33065.00,263200.00
26-08-2014,33310.00,33355.00,32940.00,33000.00,279200.00
25-08-2014,33065.00,33410.00,33055.00,33355.00,363000.00
22-08-2014,32885.00,33150.00,32880.00,32900.00,236300.00
21-08-2014,32995.00,33070.00,32900.00,32985.00,281400.00
20-08-2014,32825.00,32935.00,32715.00,32800.00,218400.00
19-08-2014,33010.00,33055.00,32845.00,32850.00,345700.00
18-08-2014,32900.00,32985.00,32675.00,32695.00,312400.00
15-08-2014,33095.00,33100.00,32885.00,33030.00,170400.00
14-08-2014,33000.00,33160.00,32945.00,33005.00,212600.00
13-08-2014,32695.00,32970.00,32655.00,32885.00,293800.00
12-08-2014,33000.00,33220.00,32740.00,32885.00,319200.00
11-08-2014,33015.00,33190.00,32685.00,33100.00,545700.00
08-08-2014,32800.00,32990.00,32030.00,32105.00,1075000.00
07-08-2014,33045.00,33590.00,32970.00,33350.00,478800.00
06-08-2014,33480.00,33810.00,33205.00,33320.00,507200.00
05-08-2014,33950.00,34025.00,33520.00,33565.00,493400.00
04-08-2014,34010.00,34285.00,33950.00,34075.00,368900.00
01-08-2014,34290.00,34550.00,34105.00,34150.00,482100.00
31-07-2014,34395.00,34740.00,34285.00,34405.00,746500.00
30-07-2014,33930.00,34400.00,33920.00,33975.00,492600.00
29-07-2014,33610.00,34055.00,33545.00,33970.00,654700.00
28-07-2014,32900.00,33365.00,32835.00,33300.00,494000.00
25-07-2014,32360.00,32785.00,32340.00,32750.00,330600.00
24-07-2014,32370.00,32600.00,32180.00,32295.00,482200.00
23-07-2014,32350.00,32465.00,32210.00,32280.00,294000.00
22-07-2014,32360.00,32470.00,32225.00,32350.00,453600.00
18-07-2014,32375.00,32580.00,32185.00,32355.00,530600.00
17-07-2014,32980.00,33175.00,32860.00,32875.00,281000.00
16-07-2014,32960.00,33020.00,32615.00,32890.00,374600.00
15-07-2014,32710.00,33130.00,32710.00,33050.00,436100.00
14-07-2014,32875.00,32945.00,32380.00,32760.00,576600.00
11-07-2014,32990.00,33400.00,32555.00,32855.00,1070100.00
10-07-2014,33235.00,33685.00,33200.00,33505.00,565200.00
09-07-2014,33000.00,33255.00,32800.00,33240.00,471500.00
08-07-2014,33380.00,33535.00,33150.00,33220.00,447000.00
07-07-2014,33445.00,33750.00,33310.00,33580.00,394300.00
04-07-2014,33740.00,33750.00,33360.00,33420.00,336500.00
03-07-2014,33800.00,33865.00,33330.00,33375.00,566500.00
02-07-2014,33520.00,33775.00,33235.00,33335.00,460200.00
01-07-2014,33150.00,33790.00,33030.00,33455.00,623000.00
30-06-2014,33635.00,33790.00,33150.00,33330.00,510300.00
27-06-2014,34345.00,34565.00,33400.00,33635.00,653400.00
26-06-2014,34550.00,34645.00,34320.00,34590.00,308700.00
25-06-2014,34300.00,34615.00,34215.00,34350.00,318500.00
24-06-2014,34280.00,34895.00,34220.00,34700.00,359900.00
23-06-2014,34855.00,34975.00,34635.00,34765.00,503400.00
20-06-2014,34325.00,34770.00,34270.00,34415.00,611600.00
19-06-2014,33695.00,34495.00,33530.00,34480.00,707800.00
18-06-2014,33330.00,33785.00,33320.00,33605.00,494500.00
17-06-2014,33165.00,33490.00,33140.00,33250.00,354300.00
16-06-2014,33610.00,33835.00,32920.00,33150.00,645700.00
13-06-2014,32900.00,34030.00,32900.00,33975.00,1489100.00
12-06-2014,33925.00,33940.00,33255.00,33510.00,693200.00
11-06-2014,34300.00,34610.00,34110.00,34215.00,348900.00
10-06-2014,34780.00,35170.00,34215.00,34335.00,622300.00
09-06-2014,35075.00,35170.00,34870.00,34880.00,411100.00
06-06-2014,34995.00,35045.00,34525.00,34820.00,562900.00
05-06-2014,34440.00,34895.00,34400.00,34820.00,603400.00
04-06-2014,34840.00,35010.00,34110.00,34320.00,697200.00
03-06-2014,34990.00,35055.00,34700.00,34990.00,549700.00
02-06-2014,33960.00,34675.00,33850.00,34480.00,608500.00
30-05-2014,34215.00,34410.00,33420.00,33590.00,666000.00
29-05-2014,33600.00,34095.00,33600.00,34015.00,379400.00
28-05-2014,33825.00,34170.00,33530.00,34040.00,531700.00
27-05-2014,33420.00,34030.00,33400.00,33825.00,562500.00
26-05-2014,33305.00,33580.00,33265.00,33555.00,428500.00
23-05-2014,32600.00,33150.00,32560.00,32990.00,522400.00
22-05-2014,31940.00,32550.00,31805.00,32550.00,660100.00
21-05-2014,31365.00,31620.00,31225.00,31450.00,452800.00
20-05-2014,31570.00,31980.00,31535.00,31790.00,294900.00
19-05-2014,31930.00,32050.00,31365.00,31395.00,419000.00
16-05-2014,31210.00,31745.00,31120.00,31710.00,476800.00
15-05-2014,32050.00,32240.00,31790.00,31855.00,418100.00
14-05-2014,32635.00,33055.00,32445.00,32445.00,475400.00
13-05-2014,32120.00,32790.00,32015.00,32680.00,655600.00
12-05-2014,31315.00,31715.00,31275.00,31580.00,351800.00
09-05-2014,31360.00,31630.00,31265.00,31470.00,619500.00
08-05-2014,31320.00,31900.00,31320.00,31565.00,609200.00
07-05-2014,31600.00,31670.00,30950.00,30950.00,1033500.00
02-05-2014,31755.00,32220.00,31750.00,32040.00,502100.00
01-05-2014,31800.00,32220.00,31700.00,32100.00,499600.00
30-04-2014,32140.00,32230.00,31685.00,31770.00,668800.00
28-04-2014,32390.00,32595.00,32010.00,32140.00,935000.00
25-04-2014,32575.00,33220.00,32440.00,32770.00,608000.00
24-04-2014,33295.00,33465.00,32830.00,32875.00,475900.00
23-04-2014,33120.00,33430.00,32815.00,33275.00,480500.00
22-04-2014,33805.00,34095.00,32840.00,32860.00,557100.00
21-04-2014,33825.00,34260.00,33665.00,33700.00,401400.00
18-04-2014,33730.00,34155.00,33560.00,33710.00,462100.00
17-04-2014,33605.00,33745.00,33120.00,33430.00,665600.00
16-04-2014,32920.00,33950.00,32800.00,33950.00,883200.00
15-04-2014,33205.00,33250.00,32505.00,32660.00,743700.00
14-04-2014,33120.00,33140.00,32225.00,32795.00,1087900.00
11-04-2014,34610.00,34875.00,33030.00,33820.00,2688800.00
10-04-2014,37700.00,37795.00,36385.00,36710.00,635300.00
09-04-2014,37950.00,38195.00,37250.00,37250.00,664200.00
08-04-2014,38070.00,38770.00,37920.00,38220.00,663600.00
07-04-2014,37965.00,38400.00,37905.00,37975.00,426000.00
04-04-2014,37960.00,38685.00,37950.00,38665.00,398200.00
03-04-2014,37815.00,38760.00,37700.00,38400.00,643300.00
02-04-2014,37400.00,37935.00,36900.00,37730.00,556600.00
01-04-2014,37255.00,37555.00,36960.00,36990.00,458900.00
31-03-2014,38005.00,38165.00,37420.00,37435.00,464600.00
28-03-2014,37000.00,38040.00,36975.00,37885.00,552200.00
27-03-2014,35715.00,37265.00,35680.00,37170.00,847100.00
26-03-2014,36315.00,36415.00,35850.00,35980.00,663600.00
25-03-2014,35985.00,36305.00,35760.00,35925.00,393000.00
24-03-2014,35780.00,36420.00,35320.00,36340.00,723700.00
20-03-2014,36605.00,36650.00,35150.00,35405.00,536800.00
19-03-2014,35510.00,36850.00,35235.00,36190.00,610400.00
18-03-2014,36110.00,36250.00,35590.00,35590.00,393900.00
17-03-2014,35625.00,35970.00,35425.00,35680.00,532900.00
14-03-2014,35740.00,36075.00,35580.00,35850.00,2126600.00
13-03-2014,37060.00,37245.00,36565.00,36690.00,491400.00
12-03-2014,37160.00,37250.00,36730.00,36760.00,592800.00
11-03-2014,37925.00,38060.00,37600.00,37870.00,474800.00
10-03-2014,38170.00,38645.00,37665.00,37690.00,541100.00
07-03-2014,38350.00,38580.00,37955.00,38400.00,713900.00
06-03-2014,37070.00,38125.00,36665.00,37650.00,761000.00
05-03-2014,36700.00,37145.00,36600.00,36975.00,861000.00
04-03-2014,35780.00,36070.00,35400.00,35890.00,620000.00
03-03-2014,34550.00,35675.00,34550.00,35480.00,792200.00
28-02-2014,35605.00,35700.00,34820.00,35050.00,588100.00
27-02-2014,35965.00,35970.00,35360.00,35550.00,457000.00
26-02-2014,35785.00,36670.00,35710.00,36180.00,436100.00
25-02-2014,36650.00,36845.00,36305.00,36530.00,569000.00
24-02-2014,35300.00,36080.00,35240.00,35995.00,610100.00
21-02-2014,34930.00,35940.00,34900.00,35755.00,763800.00
20-02-2014,35230.00,35375.00,34505.00,34525.00,730500.00
19-02-2014,35590.00,36125.00,35490.00,35720.00,471100.00
18-02-2014,35290.00,36685.00,34605.00,36265.00,1022900.00
17-02-2014,34520.00,35085.00,34425.00,34750.00,493600.00
14-02-2014,35625.00,36030.00,34500.00,34600.00,1375500.00
13-02-2014,36235.00,36380.00,35600.00,35715.00,731500.00
12-02-2014,37600.00,37795.00,36455.00,36630.00,737000.00
10-02-2014,36840.00,37360.00,36620.00,37335.00,554900.00
07-02-2014,36480.00,36520.00,36100.00,36260.00,519500.00
06-02-2014,35865.00,36730.00,35805.00,35830.00,674600.00
05-02-2014,36705.00,36895.00,35520.00,35960.00,1014400.00
04-02-2014,36400.00,36665.00,36000.00,36035.00,998200.00
03-02-2014,37410.00,37580.00,37015.00,37185.00,714600.00
31-01-2014,39205.00,39340.00,37500.00,38110.00,842000.00
30-01-2014,38670.00,38815.00,37980.00,38765.00,939400.00
29-01-2014,38830.00,39375.00,38700.00,39360.00,904700.00
28-01-2014,37895.00,38130.00,37525.00,38130.00,691900.00
27-01-2014,37150.00,37790.00,37120.00,37600.00,1047200.00
24-01-2014,38135.00,38475.00,37680.00,38215.00,1293600.00
23-01-2014,39025.00,39680.00,38740.00,38825.00,954600.00
22-01-2014,38500.00,39070.00,38120.00,38840.00,952300.00
21-01-2014,38100.00,39295.00,38100.00,39120.00,927200.00
20-01-2014,38300.00,38400.00,37850.00,38005.00,634600.00
17-01-2014,38245.00,39040.00,38200.00,38630.00,998100.00
16-01-2014,39210.00,39500.00,38600.00,38820.00,917700.00
15-01-2014,39900.00,39945.00,39215.00,39755.00,938700.00
14-01-2014,39050.00,39800.00,38900.00,39015.00,1504400.00
10-01-2014,40250.00,41600.00,40200.00,41100.00,2206300.00
09-01-2014,40450.00,40550.00,39700.00,39800.00,943200.00
08-01-2014,40850.00,41550.00,40750.00,41350.00,722800.00
07-01-2014,40200.00,41250.00,40200.00,40500.00,1093600.00
06-01-2014,42500.00,42600.00,40900.00,40900.00,1562000.00
30-12-2013,43400.00,43800.00,42600.00,43400.00,841000.00
27-12-2013,43950.00,44150.00,42650.00,43300.00,941900.00
26-12-2013,44800.00,45350.00,43300.00,44050.00,1219600.00
25-12-2013,42550.00,44450.00,42350.00,44350.00,1209900.00
24-12-2013,42800.00,43300.00,42150.00,42350.00,1319800.00
20-12-2013,40500.00,41900.00,40500.00,41850.00,988100.00
19-12-2013,40150.00,41050.00,39850.00,40750.00,1714000.00
18-12-2013,37950.00,39050.00,37900.00,39000.00,1005900.00
17-12-2013,37850.00,38300.00,37750.00,37950.00,633700.00
16-12-2013,38250.00,38300.00,37350.00,37400.00,623600.00
13-12-2013,37000.00,38400.00,37000.00,38100.00,2793800.00
12-12-2013,37250.00,37400.00,36700.00,37200.00,834800.00
11-12-2013,37600.00,37900.00,37150.00,37700.00,860600.00
10-12-2013,38450.00,38500.00,38000.00,38150.00,661900.00
09-12-2013,38300.00,38750.00,38000.00,38700.00,791700.00
06-12-2013,36500.00,37550.00,36500.00,37450.00,834700.00
05-12-2013,38050.00,38350.00,36750.00,37000.00,1092400.00
04-12-2013,38300.00,38800.00,37800.00,38200.00,1072000.00
03-12-2013,39350.00,39450.00,38700.00,38950.00,1009900.00
02-12-2013,38600.00,39050.00,38400.00,38950.00,592800.00
29-11-2013,38650.00,39600.00,38350.00,38800.00,1152600.00
28-11-2013,38000.00,39000.00,37950.00,38950.00,1176500.00
27-11-2013,37250.00,37700.00,36850.00,37650.00,668100.00
26-11-2013,37200.00,37800.00,37150.00,37700.00,591200.00
25-11-2013,37400.00,37950.00,37100.00,37700.00,879500.00
22-11-2013,37800.00,38000.00,36750.00,36800.00,1197400.00
21-11-2013,36400.00,37350.00,36100.00,37100.00,1143900.00
20-11-2013,36150.00,36400.00,35800.00,35800.00,643600.00
19-11-2013,35550.00,36000.00,35250.00,35950.00,667000.00
18-11-2013,36050.00,36300.00,35300.00,35700.00,896500.00
15-11-2013,35050.00,35750.00,34600.00,35600.00,1321200.00
14-11-2013,33050.00,34650.00,32950.00,34250.00,1565600.00
13-11-2013,31800.00,32650.00,31800.00,32550.00,543300.00
12-11-2013,30950.00,32250.00,30850.00,32200.00,823500.00
11-11-2013,30900.00,31000.00,30650.00,30800.00,589700.00
08-11-2013,30900.00,31050.00,30350.00,30600.00,1058200.00
07-11-2013,32400.00,32550.00,31700.00,31750.00,456700.00
06-11-2013,31500.00,32350.00,31400.00,32250.00,617700.00
05-11-2013,32800.00,32850.00,32200.00,32500.00,436600.00
01-11-2013,33050.00,33350.00,32400.00,32650.00,563900.00
31-10-2013,33700.00,33800.00,32850.00,32850.00,546200.00
30-10-2013,33550.00,34000.00,33400.00,33900.00,657900.00
29-10-2013,32700.00,33100.00,32600.00,33000.00,467800.00
28-10-2013,32850.00,33250.00,32600.00,33200.00,458000.00
25-10-2013,33050.00,33350.00,32150.00,32150.00,816500.00
24-10-2013,33300.00,33650.00,32600.00,33300.00,715600.00
23-10-2013,34650.00,34700.00,33350.00,33500.00,689000.00
22-10-2013,34000.00,34650.00,34000.00,34450.00,327200.00
21-10-2013,34050.00,34300.00,33950.00,34200.00,431100.00
18-10-2013,33950.00,34250.00,33700.00,33850.00,508300.00
17-10-2013,34450.00,34600.00,33850.00,34150.00,645600.00
16-10-2013,34000.00,34200.00,33650.00,33850.00,583900.00
15-10-2013,33650.00,34350.00,33650.00,34200.00,623100.00
11-10-2013,33150.00,33500.00,32700.00,33450.00,2100600.00
10-10-2013,35300.00,35350.00,34250.00,34550.00,463200.00
09-10-2013,34150.00,34850.00,33850.00,34750.00,512600.00
08-10-2013,33950.00,34600.00,33700.00,34550.00,520300.00
07-10-2013,35000.00,35050.00,34000.00,34050.00,658800.00
04-10-2013,34750.00,35200.00,34300.00,34600.00,738600.00
03-10-2013,34850.00,35450.00,34550.00,35250.00,1047800.00
02-10-2013,37150.00,37250.00,35450.00,35550.00,1194000.00
01-10-2013,37200.00,37650.00,36950.00,37100.00,574500.00
30-09-2013,36800.00,37350.00,36650.00,36850.00,626000.00
27-09-2013,37700.00,38100.00,37400.00,37750.00,727400.00
26-09-2013,36750.00,37800.00,36400.00,37600.00,777400.00
25-09-2013,36900.00,37200.00,36350.00,36350.00,613500.00
24-09-2013,36550.00,37300.00,36350.00,37200.00,465100.00
20-09-2013,36950.00,37100.00,36600.00,36750.00,570600.00
19-09-2013,37000.00,37200.00,36500.00,36900.00,832800.00
18-09-2013,35500.00,36500.00,35450.00,36350.00,766900.00
17-09-2013,35650.00,35750.00,35150.00,35200.00,365700.00
13-09-2013,35150.00,35600.00,35000.00,35500.00,2078900.00
12-09-2013,34900.00,35650.00,34900.00,35300.00,617400.00
11-09-2013,34950.00,35900.00,34750.00,34750.00,747500.00
10-09-2013,34400.00,34800.00,34150.00,34750.00,607300.00
09-09-2013,34350.00,34350.00,33800.00,34050.00,619100.00
06-09-2013,34500.00,34500.00,32950.00,32950.00,697000.00
05-09-2013,34500.00,34800.00,33900.00,34200.00,677500.00
04-09-2013,34050.00,34100.00,33100.00,34050.00,851700.00
03-09-2013,33000.00,34100.00,33000.00,34050.00,874800.00
02-09-2013,32050.00,32900.00,31850.00,32750.00,503100.00
30-08-2013,32100.00,32350.00,31700.00,31900.00,662300.00
29-08-2013,31300.00,31800.00,31150.00,31800.00,601000.00
28-08-2013,30150.00,31100.00,30050.00,30900.00,636500.00
27-08-2013,31300.00,31800.00,31150.00,31300.00,310900.00
26-08-2013,32150.00,32200.00,31600.00,31750.00,350100.00
23-08-2013,32050.00,32450.00,31600.00,31850.00,773200.00
22-08-2013,31000.00,31500.00,30600.00,31100.00,484200.00
21-08-2013,31350.00,31550.00,30400.00,31300.00,724300.00
20-08-2013,31600.00,32000.00,30950.00,31150.00,658300.00
19-08-2013,32350.00,32450.00,31800.00,32200.00,352800.00
16-08-2013,31500.00,32400.00,31200.00,32000.00,484200.00
15-08-2013,32500.00,33050.00,31900.00,32100.00,690100.00
14-08-2013,32800.00,33250.00,31950.00,33200.00,727100.00
13-08-2013,32000.00,32650.00,31750.00,32650.00,548700.00
12-08-2013,31200.00,31900.00,30750.00,31300.00,520000.00
09-08-2013,31950.00,32450.00,31300.00,31650.00,1176800.00
08-08-2013,32950.00,34000.00,31900.00,32100.00,885900.00
07-08-2013,33650.00,34150.00,32900.00,32900.00,900100.00
06-08-2013,34550.00,35150.00,33600.00,35050.00,632000.00
05-08-2013,35300.00,35600.00,34600.00,34700.00,500200.00
02-08-2013,34900.00,35750.00,34800.00,35600.00,694400.00
01-08-2013,33050.00,34200.00,33000.00,34200.00,575700.00
31-07-2013,33700.00,33700.00,33000.00,33550.00,767800.00
30-07-2013,33800.00,34550.00,33600.00,34400.00,804600.00
29-07-2013,34750.00,35200.00,34100.00,34100.00,716200.00
26-07-2013,36150.00,36600.00,35450.00,35450.00,772300.00
25-07-2013,36350.00,36950.00,36200.00,36650.00,501500.00
24-07-2013,36450.00,36600.00,36100.00,36300.00,554700.00
23-07-2013,36000.00,37150.00,35950.00,36650.00,635900.00
22-07-2013,36800.00,36900.00,35750.00,36450.00,724900.00
19-07-2013,37300.00,37700.00,35500.00,36150.00,1503000.00
18-07-2013,35950.00,36900.00,35500.00,36750.00,827000.00
17-07-2013,35050.00,35900.00,34950.00,35850.00,641800.00
16-07-2013,35750.00,36450.00,34900.00,35300.00,1185400.00
12-07-2013,36700.00,37150.00,36000.00,36450.00,2045100.00
11-07-2013,37400.00,38750.00,37350.00,38700.00,607900.00
10-07-2013,37950.00,38750.00,37250.00,38000.00,741300.00
09-07-2013,37150.00,38500.00,36700.00,38450.00,775300.00
08-07-2013,37900.00,38250.00,36750.00,36800.00,769100.00
05-07-2013,35900.00,37000.00,35750.00,37000.00,729900.00
04-07-2013,34550.00,35350.00,34400.00,35250.00,399100.00
03-07-2013,36000.00,36250.00,34450.00,34800.00,919900.00
02-07-2013,33900.00,35350.00,33800.00,35300.00,794700.00
01-07-2013,33500.00,34000.00,32700.00,33900.00,587800.00
28-06-2013,31850.00,33500.00,31300.00,33450.00,929200.00
27-06-2013,31000.00,31650.00,30600.00,31500.00,630900.00
26-06-2013,31300.00,31850.00,30450.00,30600.00,832900.00
25-06-2013,30500.00,31100.00,29670.00,30500.00,855800.00
24-06-2013,32150.00,32150.00,30100.00,30300.00,643500.00
21-06-2013,29210.00,31950.00,29010.00,31050.00,1457500.00
20-06-2013,29670.00,30450.00,29220.00,29620.00,1124100.00
19-06-2013,30350.00,30700.00,29630.00,30300.00,797200.00
18-06-2013,29310.00,30200.00,29120.00,29820.00,706000.00
17-06-2013,28500.00,29800.00,27900.00,29740.00,1089400.00
14-06-2013,28650.00,29650.00,28540.00,28940.00,2795100.00
13-06-2013,30350.00,30550.00,28550.00,28550.00,1669200.00
12-06-2013,30600.00,31400.00,30100.00,31250.00,644000.00
11-06-2013,31900.00,32500.00,31050.00,31250.00,798500.00
10-06-2013,32500.00,32550.00,30600.00,32050.00,959100.00
07-06-2013,28990.00,31350.00,28580.00,31100.00,1776000.00
06-06-2013,30350.00,30450.00,29210.00,29460.00,1642600.00
05-06-2013,33950.00,34100.00,29580.00,29920.00,1979000.00
04-06-2013,32950.00,33900.00,32000.00,33050.00,1121600.00
03-06-2013,34600.00,34600.00,32700.00,32700.00,1052000.00
31-05-2013,34600.00,35200.00,33650.00,34900.00,1148600.00
30-05-2013,35750.00,36100.00,33200.00,33200.00,1562000.00
29-05-2013,38450.00,38550.00,36800.00,37350.00,932000.00
28-05-2013,37100.00,38950.00,36900.00,38100.00,875600.00
27-05-2013,36200.00,37600.00,35600.00,37250.00,1049300.00
24-05-2013,39550.00,40200.00,35200.00,38300.00,2233800.00
23-05-2013,42000.00,44400.00,38100.00,38100.00,2721100.00
22-05-2013,38600.00,41500.00,38550.00,41400.00,1105000.00
21-05-2013,38700.00,38950.00,38250.00,38550.00,416000.00
20-05-2013,38750.00,39200.00,38600.00,39200.00,537100.00
17-05-2013,38250.00,38900.00,37700.00,38900.00,644600.00
16-05-2013,38750.00,38850.00,37550.00,38250.00,740400.00
15-05-2013,39000.00,39250.00,38250.00,38800.00,530200.00
14-05-2013,38300.00,38400.00,37900.00,38000.00,347400.00
13-05-2013,37850.00,38450.00,37550.00,38000.00,451900.00
10-05-2013,37400.00,37600.00,36850.00,37300.00,1043500.00
09-05-2013,36450.00,36900.00,36250.00,36250.00,365500.00
08-05-2013,36400.00,36900.00,36100.00,36250.00,690800.00
07-05-2013,36600.00,37050.00,36000.00,36950.00,688400.00
02-05-2013,35950.00,36100.00,35300.00,35350.00,595800.00
01-05-2013,35750.00,36450.00,35500.00,36000.00,428600.00
30-04-2013,35600.00,35850.00,34900.00,35700.00,706600.00
26-04-2013,34600.00,35750.00,34350.00,35700.00,1486000.00
25-04-2013,34050.00,34450.00,33650.00,34100.00,628800.00
24-04-2013,33750.00,34100.00,33650.00,34050.00,434400.00
23-04-2013,33950.00,34150.00,33450.00,33500.00,412900.00
22-04-2013,33900.00,34350.00,33550.00,34300.00,523000.00
19-04-2013,33950.00,33950.00,33350.00,33500.00,378300.00
18-04-2013,33500.00,34150.00,33300.00,33500.00,631500.00
17-04-2013,34050.00,34400.00,33700.00,33950.00,498400.00
16-04-2013,32650.00,34300.00,32550.00,33800.00,929200.00
15-04-2013,33550.00,34200.00,33350.00,33350.00,661400.00
12-04-2013,33850.00,34800.00,32650.00,34250.00,2437900.00
11-04-2013,34200.00,34550.00,33300.00,34550.00,1049100.00
10-04-2013,33500.00,34150.00,33300.00,33500.00,1013400.00
09-04-2013,34900.00,35200.00,33700.00,33750.00,940900.00
08-04-2013,35600.00,36300.00,34900.00,35050.00,868800.00
05-04-2013,38000.00,38350.00,34900.00,34900.00,1376100.00
04-04-2013,34800.00,35850.00,33600.00,35650.00,1395300.00
03-04-2013,33500.00,35800.00,33350.00,35650.00,1713000.00
02-04-2013,30850.00,31350.00,30300.00,31300.00,1230700.00
01-04-2013,30850.00,31350.00,30500.00,30650.00,1731200.00
29-03-2013,30200.00,30800.00,30000.00,30650.00,518000.00
28-03-2013,29970.00,30250.00,29810.00,29930.00,1018700.00
27-03-2013,30400.00,30450.00,29700.00,30150.00,484400.00
26-03-2013,30150.00,30600.00,30050.00,30150.00,521300.00
25-03-2013,30100.00,30900.00,29940.00,30700.00,857600.00
22-03-2013,30200.00,30400.00,29300.00,29330.00,919700.00
21-03-2013,30550.00,30800.00,30200.00,30700.00,423800.00
19-03-2013,30050.00,30250.00,29840.00,30100.00,597600.00
18-03-2013,29620.00,29820.00,29290.00,29290.00,682700.00
15-03-2013,30300.00,30650.00,30100.00,30400.00,490600.00
14-03-2013,29860.00,30350.00,29850.00,30300.00,778000.00
13-03-2013,30100.00,30350.00,29390.00,29550.00,1083500.00
12-03-2013,30900.00,31300.00,29990.00,30200.00,1014500.00
11-03-2013,31450.00,31500.00,30700.00,30900.00,1092800.00
08-03-2013,29000.00,31600.00,28950.00,31500.00,4937300.00
07-03-2013,29440.00,29650.00,28610.00,28690.00,1306700.00
06-03-2013,27570.00,29070.00,27530.00,28940.00,1698900.00
05-03-2013,26370.00,27100.00,26210.00,26770.00,1100000.00
04-03-2013,25800.00,25800.00,25130.00,25370.00,542400.00
01-03-2013,25170.00,25630.00,25080.00,25380.00,505500.00
28-02-2013,25150.00,25480.00,25050.00,25430.00,849500.00
27-02-2013,25100.00,25240.00,24570.00,24580.00,588700.00
26-02-2013,25000.00,25300.00,24920.00,24960.00,1063600.00
25-02-2013,25660.00,26000.00,25590.00,26000.00,817100.00
22-02-2013,24830.00,25190.00,24510.00,25170.00,664100.00
21-02-2013,25360.00,25470.00,24870.00,24910.00,659000.00
20-02-2013,25520.00,25550.00,25320.00,25450.00,506600.00
19-02-2013,25200.00,25590.00,25150.00,25320.00,386300.00
18-02-2013,25210.00,25540.00,25050.00,25390.00,736600.00
15-02-2013,24780.00,25290.00,24730.00,24860.00,785200.00
14-02-2013,24690.00,25050.00,24570.00,24910.00,618800.00
13-02-2013,24900.00,24970.00,24650.00,24680.00,408100.00
12-02-2013,24760.00,24980.00,24500.00,24860.00,644000.00
08-02-2013,24210.00,24750.00,24010.00,24070.00,1488000.00
07-02-2013,24950.00,25040.00,24600.00,24710.00,666400.00
06-02-2013,24790.00,25310.00,24730.00,25200.00,922900.00
05-02-2013,24310.00,24470.00,24110.00,24230.00,698500.00
04-02-2013,25170.00,25260.00,24910.00,25020.00,559200.00
01-02-2013,24360.00,24940.00,24230.00,24850.00,700300.00
31-01-2013,23570.00,24080.00,23490.00,24080.00,580300.00
30-01-2013,23050.00,23840.00,22950.00,23840.00,735100.00
29-01-2013,22690.00,23130.00,22650.00,22850.00,480700.00
28-01-2013,23380.00,23450.00,22900.00,22940.00,380700.00
25-01-2013,23050.00,23210.00,22740.00,23210.00,472800.00
24-01-2013,22470.00,22670.00,22270.00,22550.00,477300.00
23-01-2013,22650.00,23070.00,22330.00,22330.00,894000.00
22-01-2013,22780.00,23300.00,22730.00,22900.00,1021700.00
21-01-2013,23490.00,23500.00,22590.00,22590.00,686200.00
18-01-2013,23240.00,23480.00,22910.00,23430.00,892000.00
17-01-2013,22700.00,23190.00,22170.00,22740.00,1001000.00
16-01-2013,23410.00,23420.00,22710.00,22720.00,1010500.00
15-01-2013,23860.00,24090.00,23770.00,23820.00,771200.00
11-01-2013,22790.00,23650.00,22790.00,23640.00,1857900.00
10-01-2013,22800.00,22940.00,22510.00,22560.00,588100.00
09-01-2013,22610.00,22910.00,22600.00,22820.00,633900.00
08-01-2013,22690.00,22950.00,22580.00,22910.00,616800.00
07-01-2013,22350.00,22890.00,22150.00,22810.00,980700.00
04-01-2013,22500.00,22530.00,22030.00,22200.00,587300.00
28-12-2012,21480.00,21970.00,21450.00,21840.00,854200.00
27-12-2012,21300.00,21560.00,21220.00,21270.00,749600.00
26-12-2012,20890.00,21170.00,20640.00,21170.00,644000.00
25-12-2012,20350.00,20770.00,20290.00,20770.00,657300.00
21-12-2012,20590.00,20710.00,20050.00,20090.00,958000.00
20-12-2012,20800.00,20880.00,20310.00,20370.00,1030200.00
19-12-2012,21040.00,21330.00,20820.00,21230.00,834000.00
18-12-2012,20610.00,20840.00,20540.00,20830.00,562500.00
17-12-2012,20320.00,20910.00,20220.00,20500.00,1043300.00
14-12-2012,20060.00,20120.00,19820.00,19920.00,2743500.00
13-12-2012,19980.00,20260.00,19890.00,20200.00,866600.00
12-12-2012,19800.00,19860.00,19610.00,19790.00,520800.00
11-12-2012,19360.00,19700.00,19340.00,19640.00,584700.00
10-12-2012,19290.00,19460.00,19140.00,19420.00,460600.00
07-12-2012,19240.00,19360.00,19120.00,19130.00,393700.00
06-12-2012,19200.00,19420.00,19050.00,19250.00,726600.00
05-12-2012,18690.00,19280.00,18690.00,19250.00,955500.00
04-12-2012,18950.00,18990.00,18680.00,18690.00,513700.00
03-12-2012,18800.00,19090.00,18730.00,19010.00,574900.00
30-11-2012,18600.00,18800.00,18500.00,18720.00,671900.00
29-11-2012,18490.00,18520.00,18250.00,18490.00,637900.00
28-11-2012,18460.00,18640.00,18400.00,18430.00,605600.00
27-11-2012,18030.00,18500.00,18030.00,18380.00,573500.00
26-11-2012,18000.00,18220.00,17930.00,18030.00,580900.00
22-11-2012,17790.00,17860.00,17640.00,17860.00,397800.00
21-11-2012,17600.00,17670.00,17470.00,17620.00,419000.00
20-11-2012,17400.00,17560.00,17220.00,17480.00,337900.00
19-11-2012,17400.00,17490.00,17200.00,17420.00,383900.00
16-11-2012,17100.00,17310.00,16990.00,17170.00,582200.00
15-11-2012,16800.00,16920.00,16620.00,16910.00,485800.00
14-11-2012,16850.00,16930.00,16680.00,16690.00,246600.00
13-11-2012,16980.00,17170.00,16720.00,16760.00,441700.00
12-11-2012,16800.00,16950.00,16700.00,16830.00,298200.00
09-11-2012,17050.00,17170.00,16870.00,16870.00,595300.00
08-11-2012,17220.00,17340.00,17040.00,17140.00,316400.00
07-11-2012,17480.00,17530.00,17180.00,17380.00,367600.00
06-11-2012,17420.00,17430.00,17220.00,17340.00,315700.00
05-11-2012,17350.00,17410.00,17230.00,17310.00,434600.00
02-11-2012,17650.00,17650.00,17420.00,17420.00,379500.00
01-11-2012,17700.00,17710.00,17350.00,17440.00,580300.00
31-10-2012,17920.00,18030.00,17780.00,17780.00,472800.00
30-10-2012,17890.00,18080.00,17650.00,17690.00,526900.00
29-10-2012,17950.00,18000.00,17760.00,17830.00,336000.00
26-10-2012,17940.00,18020.00,17730.00,17770.00,541000.00
25-10-2012,17420.00,17870.00,17410.00,17850.00,578200.00
24-10-2012,17030.00,17590.00,16970.00,17400.00,599300.00
23-10-2012,17150.00,17340.00,17150.00,17300.00,538900.00
22-10-2012,16880.00,17120.00,16650.00,17080.00,421700.00
19-10-2012,17010.00,17010.00,16830.00,16910.00,452600.00
18-10-2012,16650.00,17070.00,16510.00,17010.00,721100.00
17-10-2012,16300.00,16620.00,16140.00,16540.00,784000.00
16-10-2012,16100.00,16250.00,16100.00,16190.00,623200.00
15-10-2012,16100.00,16320.00,15810.00,16000.00,902300.00
12-10-2012,16700.00,16700.00,15920.00,16040.00,2993400.00
11-10-2012,17790.00,17900.00,17580.00,17810.00,634500.00
10-10-2012,18300.00,18400.00,18000.00,18040.00,481400.00
09-10-2012,18470.00,18640.00,18280.00,18480.00,411000.00
05-10-2012,18300.00,18500.00,18270.00,18470.00,459100.00
04-10-2012,18230.00,18320.00,18060.00,18150.00,390000.00
03-10-2012,17760.00,18300.00,17730.00,18180.00,828400.00
02-10-2012,17710.00,17850.00,17500.00,17530.00,582000.00
01-10-2012,18120.00,18260.00,17710.00,17790.00,384000.00
28-09-2012,18300.00,18400.00,18150.00,18150.00,528500.00
27-09-2012,18100.00,18150.00,17830.00,18120.00,358400.00
26-09-2012,18120.00,18160.00,18010.00,18020.00,364500.00
25-09-2012,18110.00,18430.00,18100.00,18190.00,556200.00
24-09-2012,17990.00,18350.00,17830.00,18110.00,833100.00
21-09-2012,18210.00,18220.00,17990.00,18060.00,381500.00
20-09-2012,18060.00,18250.00,18000.00,18060.00,1063500.00
19-09-2012,17580.00,18250.00,17560.00,18050.00,1166700.00
18-09-2012,18490.00,18490.00,17470.00,17480.00,1517700.00
14-09-2012,18580.00,18840.00,18580.00,18790.00,1906800.00
13-09-2012,18300.00,18450.00,18220.00,18400.00,259100.00
12-09-2012,18180.00,18340.00,18010.00,18310.00,327900.00
11-09-2012,17970.00,18190.00,17930.00,18080.00,322200.00
10-09-2012,18050.00,18160.00,17850.00,18030.00,423400.00
07-09-2012,18220.00,18300.00,18110.00,18110.00,431500.00
06-09-2012,17900.00,18080.00,17750.00,18010.00,376300.00
05-09-2012,17920.00,18120.00,17780.00,17900.00,727000.00
04-09-2012,18200.00,18260.00,17990.00,18080.00,439300.00
03-09-2012,18270.00,18400.00,18140.00,18140.00,372600.00
31-08-2012,18070.00,18370.00,18050.00,18270.00,387700.00
30-08-2012,18500.00,18500.00,18200.00,18270.00,352300.00
29-08-2012,18500.00,18540.00,18380.00,18520.00,467600.00
28-08-2012,18450.00,18580.00,18340.00,18540.00,733900.00
27-08-2012,18250.00,18340.00,18190.00,18300.00,341700.00
24-08-2012,18150.00,18190.00,18060.00,18090.00,409600.00
23-08-2012,18110.00,18400.00,18020.00,18350.00,585900.00
22-08-2012,17920.00,18200.00,17910.00,18190.00,413900.00
21-08-2012,17920.00,18080.00,17850.00,17920.00,349900.00
20-08-2012,17990.00,18040.00,17890.00,17940.00,485800.00
17-08-2012,17980.00,18050.00,17870.00,17920.00,534400.00
16-08-2012,17520.00,17950.00,17410.00,17920.00,650200.00
15-08-2012,17400.00,17450.00,17210.00,17400.00,279500.00
14-08-2012,17270.00,17400.00,17260.00,17360.00,328400.00
13-08-2012,17200.00,17370.00,17190.00,17250.00,229500.00
10-08-2012,17460.00,17590.00,17210.00,17220.00,856100.00
09-08-2012,17220.00,17680.00,17210.00,17610.00,727300.00
08-08-2012,16950.00,17340.00,16950.00,17220.00,771000.00
07-08-2012,16630.00,16900.00,16600.00,16840.00,466100.00
06-08-2012,16460.00,16700.00,16420.00,16650.00,509100.00
03-08-2012,15850.00,16490.00,15850.00,16300.00,853200.00
02-08-2012,16230.00,16230.00,15720.00,15840.00,768100.00
01-08-2012,16050.00,16310.00,16020.00,16270.00,463000.00
31-07-2012,15960.00,16230.00,15950.00,16150.00,510700.00
30-07-2012,16070.00,16100.00,15900.00,15980.00,370500.00
27-07-2012,16060.00,16150.00,15920.00,15950.00,372100.00
26-07-2012,15890.00,15930.00,15760.00,15910.00,500500.00
25-07-2012,15740.00,15850.00,15620.00,15770.00,497400.00
24-07-2012,15800.00,15940.00,15660.00,15840.00,470300.00
23-07-2012,16090.00,16120.00,15660.00,15730.00,518000.00
20-07-2012,15980.00,16340.00,15930.00,16090.00,693900.00
19-07-2012,15980.00,16150.00,15850.00,15900.00,493900.00
18-07-2012,16170.00,16170.00,15940.00,16000.00,576900.00
17-07-2012,15410.00,16100.00,15400.00,16060.00,908600.00
13-07-2012,15210.00,15520.00,15210.00,15330.00,920400.00
12-07-2012,15480.00,15630.00,15250.00,15290.00,721400.00
11-07-2012,15320.00,15460.00,15300.00,15430.00,455300.00
10-07-2012,15410.00,15490.00,15280.00,15380.00,616600.00
09-07-2012,15280.00,15630.00,15270.00,15400.00,825800.00
06-07-2012,15730.00,15900.00,15670.00,15790.00,466900.00
05-07-2012,15810.00,15880.00,15710.00,15780.00,299400.00
04-07-2012,15850.00,15960.00,15770.00,15850.00,420500.00
03-07-2012,15560.00,15750.00,15400.00,15720.00,875800.00
02-07-2012,16000.00,16140.00,15920.00,15960.00,474400.00
29-06-2012,15560.00,16000.00,15520.00,15880.00,667700.00
28-06-2012,15950.00,15950.00,15620.00,15720.00,577500.00
27-06-2012,15550.00,15790.00,15450.00,15790.00,551100.00
26-06-2012,15190.00,15610.00,15170.00,15510.00,561300.00
25-06-2012,15200.00,15390.00,15200.00,15310.00,408800.00
22-06-2012,15260.00,15430.00,15210.00,15350.00,587100.00
21-06-2012,15360.00,15540.00,15230.00,15460.00,685500.00
20-06-2012,15490.00,15540.00,15180.00,15350.00,689500.00
19-06-2012,15600.00,15610.00,15300.00,15390.00,492200.00
18-06-2012,15800.00,15830.00,15550.00,15600.00,524200.00
15-06-2012,15410.00,15560.00,15350.00,15490.00,669100.00
14-06-2012,15300.00,15570.00,15270.00,15290.00,903200.00
13-06-2012,15270.00,15560.00,15270.00,15500.00,637400.00
12-06-2012,15210.00,15600.00,15140.00,15220.00,814600.00
11-06-2012,15580.00,15620.00,15420.00,15500.00,688100.00
08-06-2012,15760.00,15990.00,15210.00,15250.00,3979800.00
07-06-2012,16450.00,16530.00,16010.00,16030.00,964400.00
06-06-2012,16200.00,16470.00,15830.00,16360.00,1367600.00
05-06-2012,17000.00,17010.00,16050.00,16060.00,1815700.00
04-06-2012,17370.00,17650.00,17300.00,17610.00,696000.00
01-06-2012,17490.00,17830.00,17480.00,17770.00,623400.00
31-05-2012,17570.00,17710.00,17240.00,17490.00,879200.00
30-05-2012,17670.00,17990.00,17620.00,17890.00,657500.00
29-05-2012,17580.00,17780.00,17440.00,17660.00,733700.00
28-05-2012,17400.00,17740.00,17360.00,17590.00,588600.00
25-05-2012,16870.00,17250.00,16760.00,17220.00,610900.00
24-05-2012,16760.00,17000.00,16750.00,16820.00,695900.00
23-05-2012,17080.00,17090.00,16580.00,16710.00,754900.00
22-05-2012,17180.00,17270.00,16920.00,17200.00,595300.00
21-05-2012,16940.00,17170.00,16810.00,17100.00,618700.00
18-05-2012,16480.00,16880.00,16470.00,16670.00,870800.00
17-05-2012,16830.00,16970.00,16610.00,16700.00,830500.00
16-05-2012,16840.00,16980.00,16710.00,16820.00,845100.00
15-05-2012,16760.00,17100.00,16670.00,16980.00,652300.00
14-05-2012,16540.00,16970.00,16510.00,16820.00,506900.00
11-05-2012,16630.00,16690.00,16410.00,16450.00,701200.00
10-05-2012,16880.00,16880.00,16630.00,16640.00,545600.00
09-05-2012,17090.00,17090.00,16850.00,16890.00,548500.00
08-05-2012,16890.00,17230.00,16890.00,17150.00,549100.00
07-05-2012,16730.00,17160.00,16670.00,16890.00,788700.00
02-05-2012,17650.00,17670.00,17270.00,17500.00,551300.00
01-05-2012,17680.00,17810.00,17510.00,17600.00,501400.00
27-04-2012,17830.00,18070.00,17680.00,17930.00,1007000.00
26-04-2012,17880.00,17940.00,17580.00,17860.00,1248100.00
25-04-2012,17950.00,18160.00,17910.00,18060.00,774700.00
24-04-2012,17880.00,18030.00,17630.00,17850.00,671600.00
23-04-2012,18460.00,18480.00,17930.00,18060.00,784300.00
20-04-2012,18540.00,18670.00,18500.00,18590.00,485100.00
19-04-2012,18620.00,18750.00,18540.00,18690.00,568800.00
18-04-2012,18930.00,18950.00,18570.00,18860.00,541800.00
17-04-2012,18520.00,18760.00,18310.00,18600.00,626000.00
16-04-2012,18900.00,18900.00,18540.00,18690.00,768500.00
13-04-2012,18270.00,19020.00,18240.00,18970.00,3616500.00
12-04-2012,17320.00,17530.00,17230.00,17470.00,532700.00
11-04-2012,17340.00,17420.00,17170.00,17210.00,662500.00
10-04-2012,17440.00,17690.00,17350.00,17490.00,543300.00
09-04-2012,17420.00,17630.00,17170.00,17350.00,657500.00
06-04-2012,17550.00,17690.00,17390.00,17570.00,761000.00
05-04-2012,17680.00,17980.00,17380.00,17440.00,1587000.00
04-04-2012,18600.00,18630.00,17800.00,17800.00,1914900.00
03-04-2012,19020.00,19080.00,18880.00,18880.00,486100.00
02-04-2012,18890.00,19150.00,18870.00,19030.00,902800.00
30-03-2012,18550.00,18860.00,18410.00,18860.00,768900.00
29-03-2012,18300.00,18640.00,18220.00,18630.00,640000.00
28-03-2012,18350.00,18430.00,18260.00,18350.00,440600.00
27-03-2012,18250.00,18460.00,18160.00,18460.00,666200.00
26-03-2012,18120.00,18180.00,17990.00,18050.00,358200.00
23-03-2012,18000.00,18140.00,17940.00,18030.00,572000.00
22-03-2012,17950.00,18180.00,17910.00,18180.00,683000.00
21-03-2012,17610.00,18020.00,17610.00,18000.00,681700.00
19-03-2012,17720.00,17790.00,17530.00,17700.00,479500.00
16-03-2012,17930.00,17990.00,17640.00,17710.00,700700.00
15-03-2012,17950.00,18040.00,17860.00,17910.00,667100.00
14-03-2012,18120.00,18140.00,17860.00,17860.00,747400.00
13-03-2012,17700.00,17980.00,17690.00,17780.00,957400.00
12-03-2012,17870.00,17950.00,17580.00,17580.00,737700.00
09-03-2012,17780.00,17800.00,17470.00,17660.00,3354800.00
08-03-2012,17000.00,17400.00,16920.00,17400.00,921100.00
07-03-2012,16780.00,16950.00,16760.00,16790.00,745300.00
06-03-2012,17120.00,17350.00,17000.00,17020.00,736100.00
05-03-2012,16940.00,17210.00,16850.00,17080.00,698500.00
02-03-2012,16970.00,17000.00,16810.00,16850.00,625300.00
01-03-2012,16770.00,17070.00,16750.00,16960.00,653900.00
29-02-2012,16750.00,17030.00,16710.00,16830.00,756300.00
28-02-2012,16390.00,16720.00,16250.00,16720.00,562800.00
27-02-2012,16670.00,16670.00,16300.00,16380.00,535800.00
24-02-2012,16700.00,16730.00,16590.00,16680.00,600800.00
23-02-2012,16570.00,16820.00,16540.00,16690.00,779500.00
22-02-2012,16450.00,16670.00,16410.00,16610.00,648600.00
21-02-2012,16360.00,16480.00,16230.00,16450.00,575800.00
20-02-2012,16840.00,16840.00,16430.00,16450.00,552200.00
17-02-2012,16230.00,16520.00,16150.00,16440.00,1022600.00
16-02-2012,16120.00,16180.00,15910.00,15970.00,542300.00
15-02-2012,15780.00,16200.00,15740.00,16120.00,953500.00
14-02-2012,15500.00,15770.00,15470.00,15710.00,528900.00
13-02-2012,15500.00,15650.00,15320.00,15630.00,453200.00
10-02-2012,15680.00,15680.00,15460.00,15470.00,1007500.00
09-02-2012,15900.00,15910.00,15630.00,15710.00,700900.00
08-02-2012,15790.00,16030.00,15740.00,16000.00,773900.00
07-02-2012,15740.00,15780.00,15560.00,15620.00,470800.00
06-02-2012,15600.00,15830.00,15540.00,15810.00,527600.00
03-02-2012,15450.00,15520.00,15290.00,15440.00,604200.00
02-02-2012,15440.00,15480.00,15310.00,15470.00,531700.00
01-02-2012,15080.00,15250.00,14930.00,15220.00,491700.00
31-01-2012,15020.00,15200.00,15010.00,15150.00,639900.00
30-01-2012,15070.00,15200.00,14910.00,15000.00,472200.00
27-01-2012,14760.00,15030.00,14750.00,15030.00,814400.00
26-01-2012,14900.00,15020.00,14860.00,14970.00,379900.00
25-01-2012,15100.00,15100.00,14920.00,14920.00,500400.00
24-01-2012,14770.00,15110.00,14740.00,15100.00,714700.00
23-01-2012,14630.00,14790.00,14590.00,14720.00,541800.00
20-01-2012,14990.00,14990.00,14680.00,14680.00,778200.00
19-01-2012,14980.00,15060.00,14930.00,14950.00,507200.00
18-01-2012,14780.00,15000.00,14740.00,14980.00,650300.00
17-01-2012,14640.00,14820.00,14630.00,14750.00,442100.00
16-01-2012,14610.00,14670.00,14530.00,14610.00,360100.00
13-01-2012,14740.00,14780.00,14450.00,14770.00,1543700.00
12-01-2012,14520.00,14600.00,14330.00,14520.00,540500.00
11-01-2012,14360.00,14750.00,14280.00,14590.00,1043400.00
10-01-2012,13890.00,14390.00,13860.00,14390.00,952300.00
06-01-2012,13990.00,14030.00,13790.00,13850.00,765500.00
05-01-2012,13720.00,13840.00,13600.00,13800.00,511500.00
04-01-2012,14050.00,14050.00,13700.00,13720.00,559100.00
